Distance,Roi,Data_length,Mean_ICC
covariance,100,5min,0.3445885388390255
correlation,100,5min,0.4321131929236022
cosine,100,5min,0.43191010405165975
sqeuclidean,100,5min,0.4371777399244825
minkowski,100,5min,0.4465569574631367
euclidean,100,5min,0.44655697388029897
partial_correlation,100,5min,0.3576245258608297
tangent,100,5min,0.39386267417607185
covariance,100,10min,0.5154180022968197
correlation,100,10min,0.5143055927153942
cosine,100,10min,0.5143055365568437
sqeuclidean,100,10min,0.5143056350136563
minkowski,100,10min,0.5219647988215529
euclidean,100,10min,0.5219646467545901
partial_correlation,100,10min,0.4497277447373286
tangent,100,10min,0.484924638126277
covariance,100,15min,0.5290556476838028
correlation,100,15min,0.6084073596013878
cosine,100,15min,0.6084289926668199
sqeuclidean,100,15min,0.6196967445700536
minkowski,100,15min,0.6288008968150081
euclidean,100,15min,0.6288008143650142
partial_correlation,100,15min,0.5125853911284032
tangent,100,15min,0.5522119496998154
covariance,100,20min,0.6608933752245272
correlation,100,20min,0.6604863945103753
cosine,100,20min,0.6604865279421376
sqeuclidean,100,20min,0.6604864452882742
minkowski,100,20min,0.6666295945626866
euclidean,100,20min,0.6666295841672157
partial_correlation,100,20min,0.560410461754041
tangent,100,20min,0.5806341890814347
covariance,100,25min,0.6764174758149946
correlation,100,25min,0.7157584776068265
cosine,100,25min,0.7149626529041132
sqeuclidean,100,25min,0.7133080883148952
minkowski,100,25min,0.7213993964185139
euclidean,100,25min,0.7213993775050763
partial_correlation,100,25min,0.6089424030551809
tangent,100,25min,0.6306262153851077
covariance,100,30min,0.7361091751405223
correlation,100,30min,0.7372226133419326
cosine,100,30min,0.737222613600835
sqeuclidean,100,30min,0.7372226096778708
minkowski,100,30min,0.7428267604669371
euclidean,100,30min,0.7428268000110866
partial_correlation,100,30min,0.6315042649686848
tangent,100,30min,0.6579445970338339
covariance,100,35min,0.7455200264475866
correlation,100,35min,0.7700154814479128
cosine,100,35min,0.7700166448789029
sqeuclidean,100,35min,0.7707803152911874
minkowski,100,35min,0.7755320361991281
euclidean,100,35min,0.775531956863107
partial_correlation,100,35min,0.6642136538555908
tangent,100,35min,0.6823217998470087
covariance,100,40min,0.7901367594031277
correlation,100,40min,0.7904643702191257
cosine,100,40min,0.7904643668717714
sqeuclidean,100,40min,0.7904643615585365
minkowski,100,40min,0.7942655179981055
euclidean,100,40min,0.7942655245582828
partial_correlation,100,40min,0.6885407538140165
tangent,100,40min,0.687889568720948
covariance,100,45min,0.8053064939677443
correlation,100,45min,0.8162626586578627
cosine,100,45min,0.816263969798156
sqeuclidean,100,45min,0.812787965387856
minkowski,100,45min,0.8162478971025614
euclidean,100,45min,0.8162479017841326
partial_correlation,100,45min,0.7055980167052004
tangent,100,45min,0.7301076400512297
covariance,100,50min,0.8289617154130414
correlation,100,50min,0.8283302484332515
cosine,100,50min,0.8283302136160129
sqeuclidean,100,50min,0.8283302457045464
minkowski,100,50min,0.8318986026638331
euclidean,100,50min,0.8318985821304569
partial_correlation,100,50min,0.7207638692281741
tangent,100,50min,0.7331963713085305
covariance,200,5min,0.35207871256825085
correlation,200,5min,0.4481386697138166
cosine,200,5min,0.44839226096490753
sqeuclidean,200,5min,0.4522634798907605
minkowski,200,5min,0.46213507415910254
euclidean,200,5min,0.46213506806162785
partial_correlation,200,5min,0.3689532212894188
tangent,200,5min,0.37935343660052145
covariance,200,10min,0.5347778486796572
correlation,200,10min,0.5336673559691933
cosine,200,10min,0.5336672983912051
sqeuclidean,200,10min,0.5336673371730946
minkowski,200,10min,0.5407150462604009
euclidean,200,10min,0.5407150322520989
partial_correlation,200,10min,0.42215059962771223
tangent,200,10min,0.44224528604369256
covariance,200,15min,0.5654554942519369
correlation,200,15min,0.6271702844764961
cosine,200,15min,0.6272979245757937
sqeuclidean,200,15min,0.6353530053919313
minkowski,200,15min,0.6441626388074567
euclidean,200,15min,0.6440890155281873
partial_correlation,200,15min,0.47662294378421616
tangent,200,15min,0.49099661885696483
covariance,200,20min,0.6773701863150452
correlation,200,20min,0.6767711586719777
cosine,200,20min,0.6767711909724836
sqeuclidean,200,20min,0.676758608026037
minkowski,200,20min,0.6824796119630648
euclidean,200,20min,0.6824796424234139
partial_correlation,200,20min,0.5041705583591015
tangent,200,20min,0.5162297155562807
covariance,200,25min,0.6964123824231792
correlation,200,25min,0.7324408570753241
cosine,200,25min,0.7324633381288401
sqeuclidean,200,25min,0.7310334725108979
minkowski,200,25min,0.7360011480588409
euclidean,200,25min,0.7360011536548017
partial_correlation,200,25min,0.5438762391025093
tangent,200,25min,0.5528114385926244
covariance,200,30min,0.7556779050488159
correlation,200,30min,0.7559393667406377
cosine,200,30min,0.7559393807441169
sqeuclidean,200,30min,0.7561930094554744
minkowski,200,30min,0.7602774610935663
euclidean,200,30min,0.76027747419874
partial_correlation,200,30min,0.5610308710898392
tangent,200,30min,0.5831358268150942
covariance,200,35min,0.766606500722931
correlation,200,35min,0.787257834547846
cosine,200,35min,0.7872873967249894
sqeuclidean,200,35min,0.7885561701254246
minkowski,200,35min,0.792095898086441
euclidean,200,35min,0.7920958874270408
partial_correlation,200,35min,0.5896682579728075
tangent,200,35min,0.6009605134416991
covariance,200,40min,0.8041826320525239
correlation,200,40min,0.8040492352929433
cosine,200,40min,0.8040492039624686
sqeuclidean,200,40min,0.8041327020519466
minkowski,200,40min,0.8078436141882431
euclidean,200,40min,0.8078436316715375
partial_correlation,200,40min,0.6106396127679972
tangent,200,40min,0.6170625404530782
covariance,200,45min,0.8140903109050873
correlation,200,45min,0.82697728975984
cosine,200,45min,0.8272497803818945
sqeuclidean,200,45min,0.8247816792225112
minkowski,200,45min,0.8281046996598307
euclidean,200,45min,0.8281047135029131
partial_correlation,200,45min,0.6325836739686928
tangent,200,45min,0.639627110396341
covariance,200,50min,0.8390201074040532
correlation,200,50min,0.8392446809157099
cosine,200,50min,0.8392446936989423
sqeuclidean,200,50min,0.8391191329980918
minkowski,200,50min,0.8424402849106274
euclidean,200,50min,0.8424936330378433
partial_correlation,200,50min,0.6465818779422319
tangent,200,50min,0.6538134725718219
covariance,300,5min,0.3679606618659611
correlation,300,5min,0.45904830108095845
cosine,300,5min,0.4587537361792824
sqeuclidean,300,5min,0.46255527376466876
minkowski,300,5min,0.4721604916350213
euclidean,300,5min,0.47220902685216865
partial_correlation,300,5min,0.38191256215306524
tangent,300,5min,0.35976255322156536
covariance,300,10min,0.546250315649726
correlation,300,10min,0.5457080446914153
cosine,300,10min,0.5457080173809428
sqeuclidean,300,10min,0.5457958652338188
minkowski,300,10min,0.5539687881284614
euclidean,300,10min,0.5541434243633734
partial_correlation,300,10min,0.4253842089008675
tangent,300,10min,0.40518524906494546
covariance,300,15min,0.5839012890637831
correlation,300,15min,0.6418336871423213
cosine,300,15min,0.6418643276974199
sqeuclidean,300,15min,0.6493548950519074
minkowski,300,15min,0.6568510589431246
euclidean,300,15min,0.6568231297671651
partial_correlation,300,15min,0.45907636583685135
tangent,300,15min,0.4444506762466133
covariance,300,20min,0.6875706709643055
correlation,300,20min,0.6867796155788752
cosine,300,20min,0.6867795891185706
sqeuclidean,300,20min,0.6869099277772001
minkowski,300,20min,0.6922882411919676
euclidean,300,20min,0.6923041870903703
partial_correlation,300,20min,0.4766976422763331
tangent,300,20min,0.4582881336185115
covariance,300,25min,0.7107641537795452
correlation,300,25min,0.7425405789967477
cosine,300,25min,0.7424906278649257
sqeuclidean,300,25min,0.7400805913132807
minkowski,300,25min,0.7449421590987146
euclidean,300,25min,0.7449421648269189
partial_correlation,300,25min,0.5064941097581279
tangent,300,25min,0.4907752989372295
covariance,300,30min,0.7671013124850243
correlation,300,30min,0.7671403685235854
cosine,300,30min,0.7671403712139568
sqeuclidean,300,30min,0.7674375783388522
minkowski,300,30min,0.7713848612787965
euclidean,300,30min,0.7713848495898429
partial_correlation,300,30min,0.5166469390177548
tangent,300,30min,0.5097690189913863
covariance,300,35min,0.779312081852192
correlation,300,35min,0.797466662019232
cosine,300,35min,0.7974711667840557
sqeuclidean,300,35min,0.7986235139507742
minkowski,300,35min,0.801617514895958
euclidean,300,35min,0.8016175197030831
partial_correlation,300,35min,0.5330742722617415
tangent,300,35min,0.5233852625989793
covariance,300,40min,0.8136717718573299
correlation,300,40min,0.8134691614885209
cosine,300,40min,0.8134691611591096
sqeuclidean,300,40min,0.8138869389244088
minkowski,300,40min,0.8172105959961619
euclidean,300,40min,0.8172106021266841
partial_correlation,300,40min,0.5473188315810352
tangent,300,40min,0.5353692824095333
covariance,300,45min,0.8246854819448582
correlation,300,45min,0.8358560729177084
cosine,300,45min,0.8358829119884015
sqeuclidean,300,45min,0.8342668966760268
minkowski,300,45min,0.8373518029754098
euclidean,300,45min,0.8373518007821427
partial_correlation,300,45min,0.5618155432911942
tangent,300,45min,0.551444375383615
covariance,300,50min,0.8480181528495792
correlation,300,50min,0.8479771311182329
cosine,300,50min,0.8479771349135325
sqeuclidean,300,50min,0.8481210612370986
minkowski,300,50min,0.8508399631832786
euclidean,300,50min,0.8508399757813694
partial_correlation,300,50min,0.5720381191607247
tangent,300,50min,0.5671484156305221
covariance,400,5min,0.38342343206815255
correlation,400,5min,0.4741291749851253
cosine,400,5min,0.47403433331109374
sqeuclidean,400,5min,0.4755118727969784
minkowski,400,5min,0.485823420842943
euclidean,400,5min,0.48582340957820785
partial_correlation,400,5min,0.3840540118915743
tangent,400,5min,0.35575946880149967
covariance,400,10min,0.5585287122754881
correlation,400,10min,0.5584728586775536
cosine,400,10min,0.5584595645835395
sqeuclidean,400,10min,0.5585481942847064
minkowski,400,10min,0.5647603914567291
euclidean,400,10min,0.5647603664288142
partial_correlation,400,10min,0.4312370896111737
tangent,400,10min,0.3879708727665944
covariance,400,15min,0.5969588649855836
correlation,400,15min,0.6490412355452555
cosine,400,15min,0.6489632960352949
sqeuclidean,400,15min,0.6567232400192058
minkowski,400,15min,0.663835722915151
euclidean,400,15min,0.663810798674608
partial_correlation,400,15min,0.45700754362513946
tangent,400,15min,0.4152179376990728
covariance,400,20min,0.6935611417355122
correlation,400,20min,0.6935511973613125
cosine,400,20min,0.6935511944251285
sqeuclidean,400,20min,0.6932155447655978
minkowski,400,20min,0.6985079286504166
euclidean,400,20min,0.6984664003779928
partial_correlation,400,20min,0.46186918589086035
tangent,400,20min,0.4329384245802946
covariance,400,25min,0.718863353326454
correlation,400,25min,0.7477989845248801
cosine,400,25min,0.7476919259375966
sqeuclidean,400,25min,0.7455042535895419
minkowski,400,25min,0.7500785319022881
euclidean,400,25min,0.7500787211669027
partial_correlation,400,25min,0.4757124415435998
tangent,400,25min,0.450690398527492
covariance,400,30min,0.7722425578829744
correlation,400,30min,0.7722568070408706
cosine,400,30min,0.7722567975597502
sqeuclidean,400,30min,0.7724347546399811
minkowski,400,30min,0.7760717521692905
euclidean,400,30min,0.7760176225214308
partial_correlation,400,30min,0.4825069465062214
tangent,400,30min,0.46345295534893705
covariance,400,35min,0.7869535841939892
correlation,400,35min,0.8026519731314987
cosine,400,35min,0.802645357389111
sqeuclidean,400,35min,0.8038710142639027
minkowski,400,35min,0.807289430516213
euclidean,400,35min,0.8072874418384244
partial_correlation,400,35min,0.4881696117970979
tangent,400,35min,0.47826861426013006
covariance,400,40min,0.8188977763330326
correlation,400,40min,0.8189231849516504
cosine,400,40min,0.818897937252758
sqeuclidean,400,40min,0.8191315315556331
minkowski,400,40min,0.8224860284492352
euclidean,400,40min,0.822486034529489
partial_correlation,400,40min,0.49593735289893204
tangent,400,40min,0.4918726771176745
covariance,400,45min,0.8304004370608754
correlation,400,45min,0.8405790791811288
cosine,400,45min,0.8405476861058299
sqeuclidean,400,45min,0.838779104589855
minkowski,400,45min,0.8419967780681006
euclidean,400,45min,0.8420014301973137
partial_correlation,400,45min,0.5088373995748838
tangent,400,45min,0.5039515162222872
covariance,400,50min,0.8521018613656178
correlation,400,50min,0.8521918970687413
cosine,400,50min,0.8522023812238612
sqeuclidean,400,50min,0.8522166979321928
minkowski,400,50min,0.8551891678654028
euclidean,400,50min,0.8551841476270391
partial_correlation,400,50min,0.5133119632575561
tangent,400,50min,0.5146500605450135
covariance,500,5min,0.3884943322515001
correlation,500,5min,0.4781535467820542
cosine,500,5min,0.4780730894351925
sqeuclidean,500,5min,0.47852423890737517
minkowski,500,5min,0.4894997281701738
euclidean,500,5min,0.4894887261501827
partial_correlation,500,5min,0.3854555854906541
tangent,500,5min,0.3376519600588258
covariance,500,10min,0.5627608353907384
correlation,500,10min,0.5628314551727416
cosine,500,10min,0.5628078396440261
sqeuclidean,500,10min,0.562528550240018
minkowski,500,10min,0.5688817398237582
euclidean,500,10min,0.5688635588812674
partial_correlation,500,10min,0.4241351518972345
tangent,500,10min,0.37111078470473996
covariance,500,15min,0.6055368235402709
correlation,500,15min,0.6553242164077081
cosine,500,15min,0.6554073968348765
sqeuclidean,500,15min,0.6610093896749841
minkowski,500,15min,0.6676944106399473
euclidean,500,15min,0.6677182800356832
partial_correlation,500,15min,0.45440662052796854
tangent,500,15min,0.3953322430201438
covariance,500,20min,0.6996359495080006
correlation,500,20min,0.699323128780721
cosine,500,20min,0.6992906742610643
sqeuclidean,500,20min,0.6993646177114394
minkowski,500,20min,0.7040816764801873
euclidean,500,20min,0.7041072959323857
partial_correlation,500,20min,0.45801556275573524
tangent,500,20min,0.40277563298471686
covariance,500,25min,0.7251841936178653
correlation,500,25min,0.7522053037523796
cosine,500,25min,0.7521391365668723
sqeuclidean,500,25min,0.7498875200797809
minkowski,500,25min,0.7540520085832971
euclidean,500,25min,0.7540865559903601
partial_correlation,500,25min,0.4677645371983368
tangent,500,25min,0.4209161623995023
covariance,500,30min,0.7767681800564697
correlation,500,30min,0.7766709838470803
cosine,500,30min,0.7766989927120699
sqeuclidean,500,30min,0.7771901627408416
minkowski,500,30min,0.7807391615450728
euclidean,500,30min,0.7806932330759371
partial_correlation,500,30min,0.46340278397660184
tangent,500,30min,0.427598978555357
covariance,500,35min,0.7912310088766851
correlation,500,35min,0.8060818150321014
cosine,500,35min,0.8061129407227736
sqeuclidean,500,35min,0.8064999308189202
minkowski,500,35min,0.8096856040383515
euclidean,500,35min,0.8097061582375201
partial_correlation,500,35min,0.46050585495288365
tangent,500,35min,0.4386637971104351
covariance,500,40min,0.8214038140866449
correlation,500,40min,0.8215524705325228
cosine,500,40min,0.8215574507630142
sqeuclidean,500,40min,0.8216701805406663
minkowski,500,40min,0.8247812132153596
euclidean,500,40min,0.8247812141640172
partial_correlation,500,40min,0.46381116832910185
tangent,500,40min,0.4470416486706761
covariance,500,45min,0.8340605728394068
correlation,500,45min,0.8434644841887934
cosine,500,45min,0.8434732620873787
sqeuclidean,500,45min,0.8416120612748039
minkowski,500,45min,0.8443007309612571
euclidean,500,45min,0.8443007181364077
partial_correlation,500,45min,0.4676378687953762
tangent,500,45min,0.4603682073271856
covariance,500,50min,0.8547190937796284
correlation,500,50min,0.8547768626181464
cosine,500,50min,0.8547768630211517
sqeuclidean,500,50min,0.8548984998461926
minkowski,500,50min,0.8575719064117531
euclidean,500,50min,0.8575853147053262
partial_correlation,500,50min,0.46937262731203583
tangent,500,50min,0.4667548033928459
covariance,600,5min,0.39226086319768444
correlation,600,5min,0.4837923286319193
cosine,600,5min,0.48379003153735023
sqeuclidean,600,5min,0.4825690252385951
minkowski,600,5min,0.4934627600492001
euclidean,600,5min,0.49344167815875906
partial_correlation,600,5min,0.38598957423208186
tangent,600,5min,0.3403959760557468
covariance,600,10min,0.5683802628597402
correlation,600,10min,0.5681194288020366
cosine,600,10min,0.5681089851838775
sqeuclidean,600,10min,0.5683311650196374
minkowski,600,10min,0.5744540358421233
euclidean,600,10min,0.5744540365816481
partial_correlation,600,10min,0.42697872522512
tangent,600,10min,0.3610667801555006
covariance,600,15min,0.6105012886537434
correlation,600,15min,0.6602382538026806
cosine,600,15min,0.6601606701614378
sqeuclidean,600,15min,0.6665048869027985
minkowski,600,15min,0.6730750963442755
euclidean,600,15min,0.673064924194358
partial_correlation,600,15min,0.4609008808452415
tangent,600,15min,0.37924735997815334
covariance,600,20min,0.7049944912880534
correlation,600,20min,0.7045084868838507
cosine,600,20min,0.7045084784798002
sqeuclidean,600,20min,0.7046086967883582
minkowski,600,20min,0.7093954799087773
euclidean,600,20min,0.7094222184477302
partial_correlation,600,20min,0.4626382379092224
tangent,600,20min,0.3839954138376629
covariance,600,25min,0.7304004775039065
correlation,600,25min,0.7576140330295273
cosine,600,25min,0.7575125075672314
sqeuclidean,600,25min,0.7549395027902543
minkowski,600,25min,0.7594630214338015
euclidean,600,25min,0.7594849333359952
partial_correlation,600,25min,0.4656129206958228
tangent,600,25min,0.393948394955779
covariance,600,30min,0.7818222519591131
correlation,600,30min,0.7819023215481691
cosine,600,30min,0.781905694780124
sqeuclidean,600,30min,0.782214690292796
minkowski,600,30min,0.7857332761230535
euclidean,600,30min,0.7857288890881607
partial_correlation,600,30min,0.4649314606458757
tangent,600,30min,0.40297717802644756
covariance,600,35min,0.7964235142538648
correlation,600,35min,0.81081020463941
cosine,600,35min,0.8108253986564679
sqeuclidean,600,35min,0.8108550028564192
minkowski,600,35min,0.8140943756114402
euclidean,600,35min,0.8140903006373251
partial_correlation,600,35min,0.45583467474485573
tangent,600,35min,0.4098166536805918
covariance,600,40min,0.8257643888133486
correlation,600,40min,0.8258354984551457
cosine,600,40min,0.8258354954150264
sqeuclidean,600,40min,0.8260837125451741
minkowski,600,40min,0.8291695620845163
euclidean,600,40min,0.8291556500251109
partial_correlation,600,40min,0.45471963764174167
tangent,600,40min,0.41862437472902436
covariance,600,45min,0.8371875113800524
correlation,600,45min,0.8467825945149796
cosine,600,45min,0.8468256217038305
sqeuclidean,600,45min,0.844961454992331
minkowski,600,45min,0.8480092626161144
euclidean,600,45min,0.8480225955594164
partial_correlation,600,45min,0.45246971413295095
tangent,600,45min,0.4245977607335455
covariance,600,50min,0.8577551707584631
correlation,600,50min,0.8578279008932652
cosine,600,50min,0.8578322129615545
sqeuclidean,600,50min,0.8579069867264403
minkowski,600,50min,0.8606947161765733
euclidean,600,50min,0.8606935370503673
partial_correlation,600,50min,0.4505140324596587
tangent,600,50min,0.43354702167215503
covariance,700,5min,0.3970067182083007
correlation,700,5min,0.4872027631321564
cosine,700,5min,0.4872313937936588
sqeuclidean,700,5min,0.4851453060555853
minkowski,700,5min,0.4959763906795433
euclidean,700,5min,0.4960041721984199
partial_correlation,700,5min,0.3919437034070612
tangent,700,5min,0.33237026925938046
covariance,700,10min,0.5717028192024457
correlation,700,10min,0.571169644964743
cosine,700,10min,0.5711575797614953
sqeuclidean,700,10min,0.5713610648786024
minkowski,700,10min,0.5775935937212818
euclidean,700,10min,0.5776303208828358
partial_correlation,700,10min,0.43563300344076594
tangent,700,10min,0.34913782583003045
covariance,700,15min,0.6148051923193414
correlation,700,15min,0.6629143507615372
cosine,700,15min,0.6630124676584364
sqeuclidean,700,15min,0.6682005621401408
minkowski,700,15min,0.6753106153510035
euclidean,700,15min,0.6753122150450014
partial_correlation,700,15min,0.46443296545287055
tangent,700,15min,0.3623989114953726
covariance,700,20min,0.7056511628587251
correlation,700,20min,0.7055026042104717
cosine,700,20min,0.7054587356876865
sqeuclidean,700,20min,0.705981716105237
minkowski,700,20min,0.7110095763413421
euclidean,700,20min,0.7109811726498304
partial_correlation,700,20min,0.4633287890725092
tangent,700,20min,0.36166269988906
covariance,700,25min,0.7324026305382032
correlation,700,25min,0.7584174299364234
cosine,700,25min,0.7584243234770852
sqeuclidean,700,25min,0.7558294221449323
minkowski,700,25min,0.7606147359788493
euclidean,700,25min,0.7606072888746819
partial_correlation,700,25min,0.46434437952257407
tangent,700,25min,0.37551606394571596
covariance,700,30min,0.7824692018735363
correlation,700,30min,0.7824438427948812
cosine,700,30min,0.7824486519855868
sqeuclidean,700,30min,0.7831724957019353
minkowski,700,30min,0.7864490628573143
euclidean,700,30min,0.786453681679445
partial_correlation,700,30min,0.4590272034210158
tangent,700,30min,0.37906391824181024
covariance,700,35min,0.7977814412704279
correlation,700,35min,0.8113938949205691
cosine,700,35min,0.8114510570522565
sqeuclidean,700,35min,0.8117068044826032
minkowski,700,35min,0.8148921521432142
euclidean,700,35min,0.8148928992438562
partial_correlation,700,35min,0.4544328990573067
tangent,700,35min,0.38549649456913565
covariance,700,40min,0.826211744499301
correlation,700,40min,0.8263354511731353
cosine,700,40min,0.8263100673479559
sqeuclidean,700,40min,0.8269175115157613
minkowski,700,40min,0.8299162513346359
euclidean,700,40min,0.8299190624792352
partial_correlation,700,40min,0.4485392395540826
tangent,700,40min,0.39344027738873394
covariance,700,45min,0.8384948506663243
correlation,700,45min,0.8474706303152312
cosine,700,45min,0.8474753996210403
sqeuclidean,700,45min,0.8456276258715868
minkowski,700,45min,0.8484528939852298
euclidean,700,45min,0.8484490851876827
partial_correlation,700,45min,0.44139722263682496
tangent,700,45min,0.4027197408737303
covariance,700,50min,0.8584420239031986
correlation,700,50min,0.8585492390307874
cosine,700,50min,0.8585492327878184
sqeuclidean,700,50min,0.8587847635915746
minkowski,700,50min,0.861376847275464
euclidean,700,50min,0.8613690171624276
partial_correlation,700,50min,0.4382149720154564
tangent,700,50min,0.4059728289664151
covariance,800,5min,0.4006175857117262
correlation,800,5min,0.4899728680415115
cosine,800,5min,0.4901460910969315
sqeuclidean,800,5min,0.487135644947078
minkowski,800,5min,0.4979489990577537
euclidean,800,5min,0.497930876577639
partial_correlation,800,5min,0.39176470518057976
tangent,800,5min,0.3251826305658503
covariance,800,10min,0.573515279328739
correlation,800,10min,0.5731004406599431
cosine,800,10min,0.573100362962904
sqeuclidean,800,10min,0.5733968897402667
minkowski,800,10min,0.5792732728188897
euclidean,800,10min,0.5792342827286668
partial_correlation,800,10min,0.43898287706644523
tangent,800,10min,0.3388812854840923
covariance,800,15min,0.6158453357984767
correlation,800,15min,0.6631922723848928
cosine,800,15min,0.6632283747708602
sqeuclidean,800,15min,0.6686876850842227
minkowski,800,15min,0.6752133984758814
euclidean,800,15min,0.6752308660133607
partial_correlation,800,15min,0.46161848337922134
tangent,800,15min,0.34421693975732937
covariance,800,20min,0.7063368885656764
correlation,800,20min,0.7061738344300887
cosine,800,20min,0.7061478576836161
sqeuclidean,800,20min,0.7066393138834224
minkowski,800,20min,0.7115850628637109
euclidean,800,20min,0.7116008606305438
partial_correlation,800,20min,0.4535094588289528
tangent,800,20min,0.3412140834830735
covariance,800,25min,0.7330983880755247
correlation,800,25min,0.7595352277783863
cosine,800,25min,0.759543850197708
sqeuclidean,800,25min,0.7569968177863501
minkowski,800,25min,0.7615583698285663
euclidean,800,25min,0.7615562856008686
partial_correlation,800,25min,0.4606284028499717
tangent,800,25min,0.3501050639471908
covariance,800,30min,0.7838707146843867
correlation,800,30min,0.7839845925934854
cosine,800,30min,0.783988404363593
sqeuclidean,800,30min,0.7846045870657558
minkowski,800,30min,0.7880044933825178
euclidean,800,30min,0.7879938866811723
partial_correlation,800,30min,0.4570478454926683
tangent,800,30min,0.3538565822318516
covariance,800,35min,0.7994601276866417
correlation,800,35min,0.8127851382321424
cosine,800,35min,0.8127943880277085
sqeuclidean,800,35min,0.8128132193309198
minkowski,800,35min,0.8160182504128488
euclidean,800,35min,0.8160128008811443
partial_correlation,800,35min,0.44441640820098827
tangent,800,35min,0.3580733547668984
covariance,800,40min,0.8272581754853143
correlation,800,40min,0.8273056926842511
cosine,800,40min,0.827298519507076
sqeuclidean,800,40min,0.8278100468595003
minkowski,800,40min,0.8309302233873839
euclidean,800,40min,0.8309323263498559
partial_correlation,800,40min,0.43705507711682207
tangent,800,40min,0.3654113913359559
covariance,800,45min,0.8390970231862394
correlation,800,45min,0.8480457387198299
cosine,800,45min,0.8480700265702388
sqeuclidean,800,45min,0.846175157188103
minkowski,800,45min,0.849140302846227
euclidean,800,45min,0.849137049896492
partial_correlation,800,45min,0.4307071005406916
tangent,800,45min,0.37328204999130854
covariance,800,50min,0.8587643318568192
correlation,800,50min,0.8589522794078815
cosine,800,50min,0.8589480149086797
sqeuclidean,800,50min,0.8590821691284902
minkowski,800,50min,0.8618353598347976
euclidean,800,50min,0.861837718687057
partial_correlation,800,50min,0.4253497015417308
tangent,800,50min,0.37839208977313193
covariance,900,5min,0.4020757042778816
correlation,900,5min,0.4906724516853566
cosine,900,5min,0.4906982832114624
sqeuclidean,900,5min,0.4868050742879682
minkowski,900,5min,0.49726305988400465
euclidean,900,5min,0.49728916883713853
partial_correlation,900,5min,0.3920034404394584
tangent,900,5min,0.3257179873890336
covariance,900,10min,0.5741490494401668
correlation,900,10min,0.5739122203901569
cosine,900,10min,0.5739009508060396
sqeuclidean,900,10min,0.5741448261705322
minkowski,900,10min,0.5798927951237332
euclidean,900,10min,0.579877729380538
partial_correlation,900,10min,0.4279256464601412
tangent,900,10min,0.32491648809785784
covariance,900,15min,0.6194091158659498
correlation,900,15min,0.6655470775387468
cosine,900,15min,0.6657064659787508
sqeuclidean,900,15min,0.6706749565013527
minkowski,900,15min,0.6769693055881078
euclidean,900,15min,0.6770013367225028
partial_correlation,900,15min,0.4568397585073032
tangent,900,15min,0.32784502305162516
covariance,900,20min,0.7091408223350479
correlation,900,20min,0.7089745806316984
cosine,900,20min,0.708950938791343
sqeuclidean,900,20min,0.7094932288883996
minkowski,900,20min,0.7139290667483636
euclidean,900,20min,0.7139200914148481
partial_correlation,900,20min,0.45470916861051186
tangent,900,20min,0.32131174321937006
covariance,900,25min,0.736549015051212
correlation,900,25min,0.7617292017560161
cosine,900,25min,0.7617169616854784
sqeuclidean,900,25min,0.7592690107383542
minkowski,900,25min,0.7637639968832186
euclidean,900,25min,0.7637642772214857
partial_correlation,900,25min,0.4608539971998217
tangent,900,25min,0.3290626039684975
covariance,900,30min,0.7856689860979169
correlation,900,30min,0.7858984028204953
cosine,900,30min,0.7859070997594305
sqeuclidean,900,30min,0.7863970834476668
minkowski,900,30min,0.7897488107352045
euclidean,900,30min,0.7897515865730257
partial_correlation,900,30min,0.45155448823852185
tangent,900,30min,0.3322498682464412
covariance,900,35min,0.8018848619707364
correlation,900,35min,0.8147507824883068
cosine,900,35min,0.8147234600040747
sqeuclidean,900,35min,0.8147359260811904
minkowski,900,35min,0.8176449904638449
euclidean,900,35min,0.817647921690139
partial_correlation,900,35min,0.44138574232647004
tangent,900,35min,0.3369171146711898
covariance,900,40min,0.829899527862289
correlation,900,40min,0.8299625417654284
cosine,900,40min,0.8299605908186152
sqeuclidean,900,40min,0.8303462467529446
minkowski,900,40min,0.8331279587358394
euclidean,900,40min,0.8331289530671698
partial_correlation,900,40min,0.4343554827245781
tangent,900,40min,0.3423914881327045
covariance,900,45min,0.8413368252663218
correlation,900,45min,0.8500498683106592
cosine,900,45min,0.8500576877686393
sqeuclidean,900,45min,0.8485844149105641
minkowski,900,45min,0.8512184973907471
euclidean,900,45min,0.8512214420240578
partial_correlation,900,45min,0.4289704828995591
tangent,900,45min,0.35103591033607473
covariance,900,50min,0.8608785626028312
correlation,900,50min,0.8610362563254704
cosine,900,50min,0.8610404627931013
sqeuclidean,900,50min,0.8611651060881965
minkowski,900,50min,0.8636109193161651
euclidean,900,50min,0.8636140609784495
partial_correlation,900,50min,0.41913062504277815
tangent,900,50min,0.35526606783496517
covariance,1000,5min,0.40537513867202374
correlation,1000,5min,0.4927744150070761
cosine,1000,5min,0.4928998590858889
sqeuclidean,1000,5min,0.4881650046584889
minkowski,1000,5min,0.4994621383113423
euclidean,1000,5min,0.49947423166025023
partial_correlation,1000,5min,0.38771974499655565
tangent,1000,5min,0.32369918487614585
covariance,1000,10min,0.5754664904936178
correlation,1000,10min,0.5752205883223359
cosine,1000,10min,0.5752157715453349
sqeuclidean,1000,10min,0.5755646586273936
minkowski,1000,10min,0.581311444730577
euclidean,1000,10min,0.5813300805865147
partial_correlation,1000,10min,0.4355470980712177
tangent,1000,10min,0.31542177421307566
covariance,1000,15min,0.6208133984154502
correlation,1000,15min,0.6676225474433793
cosine,1000,15min,0.667691188695324
sqeuclidean,1000,15min,0.6727006642160684
minkowski,1000,15min,0.6790304650375849
euclidean,1000,15min,0.6790443325008257
partial_correlation,1000,15min,0.4575868285980924
tangent,1000,15min,0.3156211437842719
covariance,1000,20min,0.7117491983493236
correlation,1000,20min,0.7113672919836261
cosine,1000,20min,0.7113657421616643
sqeuclidean,1000,20min,0.7116575963755457
minkowski,1000,20min,0.7161663597127563
euclidean,1000,20min,0.7161717045930445
partial_correlation,1000,20min,0.4559893129153145
tangent,1000,20min,0.3084975864011005
covariance,1000,25min,0.7387555026102864
correlation,1000,25min,0.764104243897916
cosine,1000,25min,0.7641285030215789
sqeuclidean,1000,25min,0.7613668515819588
minkowski,1000,25min,0.7657589215071006
euclidean,1000,25min,0.7657644016403359
partial_correlation,1000,25min,0.4611536397246646
tangent,1000,25min,0.3133744383069184
covariance,1000,30min,0.7883531887135986
correlation,1000,30min,0.7884132168191488
cosine,1000,30min,0.7884135449521749
sqeuclidean,1000,30min,0.7891101101088047
minkowski,1000,30min,0.7922211243132029
euclidean,1000,30min,0.7922472009329117
partial_correlation,1000,30min,0.4519085704207811
tangent,1000,30min,0.3149976208934723
covariance,1000,35min,0.8041743206299194
correlation,1000,35min,0.8168614062846308
cosine,1000,35min,0.8168766485757107
sqeuclidean,1000,35min,0.8165559141905031
minkowski,1000,35min,0.8194753927403943
euclidean,1000,35min,0.8194875398936554
partial_correlation,1000,35min,0.4417044732684725
tangent,1000,35min,0.3199021498436435
covariance,1000,40min,0.8313247451659482
correlation,1000,40min,0.8314608859212856
cosine,1000,40min,0.8314605324541895
sqeuclidean,1000,40min,0.8318768849012355
minkowski,1000,40min,0.8349031841536901
euclidean,1000,40min,0.8349025013293546
partial_correlation,1000,40min,0.43310178202119975
tangent,1000,40min,0.3227879972244197
covariance,1000,45min,0.843239831933291
correlation,1000,45min,0.8517579065489246
cosine,1000,45min,0.8517684927386031
sqeuclidean,1000,45min,0.8498717656072863
minkowski,1000,45min,0.8527512712589641
euclidean,1000,45min,0.8527498732284704
partial_correlation,1000,45min,0.4246654503147883
tangent,1000,45min,0.32786375768911796
covariance,1000,50min,0.8621048805387469
correlation,1000,50min,0.8621796790660985
cosine,1000,50min,0.8621812057206757
sqeuclidean,1000,50min,0.862394618375204
minkowski,1000,50min,0.865015717592009
euclidean,1000,50min,0.8650206560625663
partial_correlation,1000,50min,0.41651588353227303
tangent,1000,50min,0.3303625670778791
